,username,name,sex,address,mail,birthdate
0,emily95,Tony Smith,M,"86928 Sara Spurs Apt. 439
Adamschester, WI 46572",qthompson@gmail.com,1978-05-22
1,meghandavis,Margaret Wells,F,"83218 Alicia Spur Apt. 089
South Jason, KS 99730",baileycarmen@gmail.com,1991-12-07
2,williammyers,Richard Hendrix,M,"08740 Myers Villages
Randallberg, NM 30384",allenluis@yahoo.com,1951-02-02
3,gary54,David Short,M,"8844 Mike Curve
North Dale, IA 04488",neil79@hotmail.com,2002-01-08
4,parnold,Luis Jackson,M,"8618 Perez Spring
East Steven, MS 56213",gsmith@hotmail.com,1943-01-02
5,pottercarlos,Stephen Castillo,M,"6706 Galvan Prairie Suite 093
Williamville, SD 17077",amcdaniel@yahoo.com,1998-07-18
6,leebony,James Wade,M,"797 Willie Crescent Suite 669
Ramirezton, CT 54327",matthew02@hotmail.com,1965-04-21
7,jennifer63,Joe Hill,M,"19578 Matthew Fords
Port Rebecca, UT 40849",pbush@hotmail.com,2012-06-13
8,michaelsavage,Jessica Anderson,F,"USNS Townsend
FPO AE 68400",vfoster@yahoo.com,1985-01-12
9,toddmartinez,Natalie Scott,F,"11479 Brian Isle
Port Matthewfort, MT 27465",mthomas@gmail.com,2005-05-29
10,matthewrogers,Edward Brewer,M,"845 Cook Ranch
Port Allison, MS 29004",raycorey@hotmail.com,1939-01-30
11,ahaas,James Day,M,"48045 Cruz Ramp Apt. 246
Davidchester, OK 25114",amy70@gmail.com,1984-07-15
12,jenniferwilliams,Mark Murillo,M,"3926 Bentley Trafficway
East Danielle, ME 60347",whitewilliam@gmail.com,2007-11-07
13,stephen18,Samantha Atkinson,F,"71735 Chen Lock Suite 458
Mcbridemouth, VT 48528",thompsonkeith@hotmail.com,2013-07-18
14,jacqueline80,Douglas Boyer,M,"3775 Brian Throughway Suite 048
New Taylor, KY 11869",zsimmons@yahoo.com,1933-12-26
15,kevinvargas,Travis Flores,M,"6724 Hunt Lock
Port Diana, SC 30495",lopezbrandi@yahoo.com,1915-02-17
16,clarksarah,Gina Wiley,F,"570 Jose Corners
Port Maria, OH 91584",rileysean@hotmail.com,2010-01-31
17,anita24,Joseph Moore DDS,M,"216 Fitzgerald Ways Apt. 405
Lake Julieburgh, AL 20958",erin45@gmail.com,1930-12-31
18,andre98,Cassandra Clark,F,"PSC 8158, Box 9443
APO AE 51215",alexanderwilliam@hotmail.com,1907-11-04
19,leejeremy,Shane Gomez,M,"0885 Mary Pike
Christopherberg, AL 30979",larrywright@hotmail.com,1960-07-10
20,janetbell,Alexandra Prince,F,"25111 Johnston Isle Apt. 383
East Dillonberg, IA 60767",qflores@yahoo.com,2019-03-07
21,mark62,Kathryn Miller,F,"501 Robert Freeway
West Jessicachester, PA 46315",melissawilliams@gmail.com,2012-03-19
22,porterryan,Rodney Conway,M,"939 Ashley Divide Suite 222
Jamesview, FL 76145",richard65@gmail.com,1960-03-16
23,rangeljocelyn,Rodney Martinez,M,"96167 Patricia Ville Suite 902
North Anna, LA 85133",masonmelody@gmail.com,2000-02-26
24,teresajones,Jamie Kennedy,F,"215 Scott Ferry Apt. 490
Port Michellestad, NE 29646",xdouglas@hotmail.com,1946-07-31
25,esullivan,Dr. Mary Henry MD,F,"0078 Erica Forge Suite 980
Port Leslieberg, NY 98005",wrighterika@yahoo.com,1907-12-15
26,millerrobert,Richard Butler,M,"Unit 1983 Box 8264
DPO AE 14986",rmatthews@gmail.com,1925-05-31
27,doughertyjody,Ashley Gutierrez,F,"71157 Christian Terrace
New Shane, IL 22382",jennifer94@hotmail.com,1926-09-06
28,uvelazquez,Cameron Roth,M,"5940 Angela Tunnel
Wallerville, AZ 32631",richardking@yahoo.com,1989-10-05
29,christopher74,Zachary Jackson,M,"240 Evans Points Suite 280
West Angela, KY 60015",ukelly@gmail.com,1959-03-02
30,david44,Helen Alexander,F,"982 Christopher Underpass
Lake Krystalside, NE 73244",walkerjennifer@gmail.com,1916-11-07
31,denise28,Ronald Smith,M,"60455 Matthew Center
Sharonhaven, AZ 46026",vreynolds@gmail.com,1945-01-31
32,michael36,Haley Lopez,F,"7642 Jason Throughway
New Katherineburgh, NC 55278",annamckinney@hotmail.com,1995-07-25
33,mark93,Nicole Ferguson,F,"352 Chase Port Suite 297
Port Andrewchester, FL 84978",hawkinsjasmine@hotmail.com,1980-09-22
34,wadetamara,Jane Alvarez,F,"942 Norma Flat Apt. 870
Alvarezberg, NH 34435",mitchell20@gmail.com,2018-05-07
35,rjohnson,Oscar Bray,M,"Unit 4317 Box 8641
DPO AP 07229",james36@gmail.com,2017-12-20
36,velezbrian,Kimberly Patterson,F,"65226 Wang Plains
Port Angelashire, NM 88851",normansantos@yahoo.com,1980-04-02
37,whitelouis,Nicholas Wilson,M,"USNV Hill
FPO AE 81563",ywright@yahoo.com,1959-03-12
38,tgriffith,Jaclyn Contreras,F,"882 Jasmine Walks Apt. 929
North Michael, NV 79870",stephanienichols@gmail.com,1991-11-12
39,austingomez,Samantha Burns,F,"403 Davis Dale
Lake Kennethside, AL 63572",davidanthony@hotmail.com,1945-04-21
40,david26,Jade Ellison,F,"709 Marsh Mountains Suite 786
Traceytown, IL 42463",dramirez@gmail.com,2006-02-01
41,bfernandez,Matthew King,M,"040 Daniel Station
Reynoldsberg, AL 27255",sarah59@gmail.com,1954-05-24
42,pthomas,Heather Richardson,F,"PSC 5561, Box 0781
APO AA 84308",stevengraham@gmail.com,2005-11-15
43,bradshawjoseph,Steven Burns,M,"66686 Foley Creek
South Bruce, VA 02065",katherine05@hotmail.com,1923-01-17
44,james32,Paula Welch,F,"93781 Valerie Street Suite 297
West Christopherstad, PA 59654",weavercolleen@gmail.com,2002-02-27
45,stephenadams,David Owen,M,"9270 Goodwin Fords
Bakertown, NJ 55147",rachelhess@hotmail.com,2010-12-31
46,hernandezdaniel,Kathy Taylor,F,"12023 Debbie Loaf Suite 294
Ritaland, OR 15814",john51@gmail.com,1910-08-24
47,matthewrogers,Tracy Waller,F,"4043 Robinson Underpass
Carolynmouth, PA 34572",edwarddavis@yahoo.com,1975-06-14
48,greenjoseph,Troy Wilcox,M,"74731 Jenny Flats Apt. 959
North Katie, ME 62130",johnsonbeverly@gmail.com,1971-07-08
49,laura27,Jacqueline Gonzales,F,"93124 Soto Prairie
Johnchester, AL 33775",henry96@yahoo.com,1948-01-29
50,grace82,Tommy Jones,M,"85954 Taylor Court
Nathanielfurt, MO 76195",rosssteven@gmail.com,2013-01-08
51,jhart,Michael Roberts,M,"431 Shane Forge
South Raymond, AL 78231",lewismark@hotmail.com,1913-10-20
52,amora,Frank Manning,M,"3981 Nancy Islands Apt. 174
West Jennifer, MN 92713",justin35@yahoo.com,2013-05-03
53,cynthia63,Abigail Powers,F,"652 Smith Hill
Roymouth, CT 88132",kathygregory@hotmail.com,1916-06-14
54,archerchristopher,Russell Wright,M,"30674 Schroeder Corner
Mirandamouth, DE 87938",donaldroberts@gmail.com,1921-12-12
55,brittany15,Michael Gonzalez,M,"6071 Jaclyn Unions Apt. 484
East Kimberly, MD 43632",thomas48@gmail.com,1910-05-27
56,james43,James Taylor,M,"49747 Keller Brook Suite 982
North Colinchester, NC 28555",sharonneal@hotmail.com,2014-08-14
57,mollysmith,Frank Singleton,M,"07375 Kevin Spurs Apt. 793
Jensenfurt, CO 42882",timothy41@yahoo.com,1914-06-20
58,alexis73,John Guerrero,M,"170 Obrien Inlet
Patricialand, DE 35358",qhill@yahoo.com,1960-06-18
59,sclark,Trevor Reynolds,M,"765 John Burgs Apt. 690
Johnnyburgh, CO 57404",jacobbutler@yahoo.com,1916-07-23
60,ejohnson,Andrew York,M,"1586 Nicholson Ramp
Lake Melissa, NE 66792",crossstacy@hotmail.com,1964-02-15
61,phayes,Adam Bryant,M,"Unit 6981 Box 8032
DPO AP 76436",phillip55@hotmail.com,1989-03-04
62,kristenbyrd,Devon Davidson,M,"PSC 9523, Box 9544
APO AP 22140",adam09@hotmail.com,1978-12-18
63,kcooper,Emily Santiago,F,"7994 Henson Drive Suite 035
Steelefort, MN 51287",codymichael@yahoo.com,1954-12-10
64,jamieyoung,Marcus Clay,M,"2040 Spears Village
New Tara, WA 48081",kevin56@gmail.com,1985-10-07
65,lori75,Andrea Russo,F,"77122 Michael Well Apt. 074
Port Shannon, MT 88279",emily17@hotmail.com,1941-09-10
66,susanrichards,David Bradford,M,"3263 Myers Burg
South Susan, MS 44607",ashleylawrence@gmail.com,1979-12-05
67,samanthaboyd,Joseph Munoz,M,"Unit 6608 Box 6304
DPO AA 02285",salazartrevor@hotmail.com,2016-06-29
68,garrisonnicole,Diane Pineda,F,"724 Walsh Drive
New Petermouth, KY 79010",twilliams@hotmail.com,2016-06-22
69,lcannon,Shelby Lloyd,F,"8403 Stephen Way
South Traceyview, ND 25705",calebashley@yahoo.com,1965-08-15
70,zhoffman,Melissa Lewis,F,"1025 Regina Heights
South Cody, OK 28514",christopher67@gmail.com,1919-08-22
71,stevenskeith,Donald Malone,M,"76620 Melissa Unions
New Staceyfurt, AL 15822",barry09@hotmail.com,1999-10-24
72,john27,Taylor Carpenter,F,"21513 John Trail Apt. 260
Lindsayville, MS 73226",david34@yahoo.com,2016-01-08
73,victoriajones,Larry Henry,M,"589 Carlos Via Suite 799
Port Stephenfurt, NV 40235",anthony97@gmail.com,1930-06-24
74,perrydeanna,Robin White,F,"USCGC Ramirez
FPO AA 89167",donald81@gmail.com,1914-07-02
75,garrettdavid,Tyler Hobbs,M,"4028 Christian Crossroad Suite 386
Lake Morgan, RI 29619",fellis@hotmail.com,2015-02-27
76,andrewscolton,Matthew Gonzalez,M,"68626 Walker Terrace Apt. 893
Norrisport, AZ 31296",thompsonleonard@hotmail.com,1907-08-16
77,uwhitaker,Diane Padilla,F,"722 Michael Shores Apt. 145
Brianamouth, IA 50816",pwhite@yahoo.com,2008-01-22
78,michaeljackson,Kristen Yu,F,"24420 Grimes Valleys
West Julieburgh, HI 22473",howardshawn@yahoo.com,2017-11-04
79,cwalton,Wanda Gibson,F,"3166 Thompson Rapids
East Benjamin, FL 60540",ohenry@hotmail.com,2002-08-10
80,qcampos,Mrs. Melissa Newton,F,"09017 Angel Walk
New Sheilastad, OK 60762",tara84@hotmail.com,1965-08-11
81,kimberly90,Robert Howe,M,"67246 Henderson Garden
Malonefurt, MI 73534",steven20@yahoo.com,1951-10-22
82,estradamark,Christina Gillespie,F,"947 Kline Points
Lake Christopher, MS 02580",adamsrobert@hotmail.com,1984-12-20
83,donald99,Erica Turner,F,"407 Robin Vista
North Jessicaburgh, MI 08840",meaganchambers@yahoo.com,1998-10-03
84,sherrera,Brandy Kramer,F,"4495 Webb Trafficway
North Jeffrey, CA 42055",hhaynes@yahoo.com,1934-01-13
85,andersonrachel,Erica Wilson,F,"32443 Fuentes Park Apt. 229
Lake John, NE 02954",aallen@yahoo.com,1976-02-01
86,dsmith,Cheryl Blackwell,F,"7423 Sean Villages Apt. 052
Port Karenland, ID 12969",michael95@gmail.com,1909-10-12
87,nfitzgerald,Rebecca Rodriguez,F,"7172 Karen Junctions Suite 855
Christopherfort, NH 64290",amywade@yahoo.com,1993-01-26
88,econner,Claire Graves,F,"0996 Jackson Gardens Apt. 347
Port Laurieton, IA 05703",reidmelanie@yahoo.com,1918-09-19
89,cnguyen,Lori Gibson,F,"590 Jason Oval
Andradeport, OR 39814",aaron35@yahoo.com,1994-11-25
90,sararocha,Donna Steele,F,"Unit 8689 Box 7539
DPO AE 75934",lewisconnie@hotmail.com,1964-10-31
91,nunezjessica,Shannon Moore,F,"02413 Harper Gateway
South Steven, IN 02066",kirk63@hotmail.com,1958-03-12
92,gregoryharper,Carol Calhoun,F,"86316 Hart Shores Apt. 749
Perezhaven, MI 14143",kingcathy@yahoo.com,1954-03-06
93,jeremy23,Norma Washington,F,"734 Watts Junctions Apt. 590
West Angelaton, WI 09102",hicksjuan@hotmail.com,1995-02-23
94,latoya68,Kimberly Morton,F,"693 Elizabeth Port
Stevenville, MT 90538",glenboyer@gmail.com,1998-11-26
95,geoffrey16,Jessica Welch,F,"Unit 4698 Box 9407
DPO AP 42852",zweber@gmail.com,1949-01-12
96,camposlauren,John Rogers,M,"3527 Brown Motorway
Jacobsonbury, CO 24689",urodriguez@yahoo.com,1994-10-15
97,mullinsmichael,Michelle Rodriguez,F,"1572 Danielle Wells Apt. 006
Lake Philipmouth, ME 38874",evan54@yahoo.com,1953-06-17
98,anthony85,Cody Knapp,M,"81324 Holland Causeway
Mcknighthaven, MO 35358",robertlarsen@gmail.com,1985-09-22
99,angela97,Katie Garrett,F,"975 Thomas Port Apt. 164
Jessicatown, WV 94545",etaylor@yahoo.com,1908-08-29
100,bushbradley,Amy Dominguez,F,"3549 Daniel Courts Apt. 828
North Williamport, MI 56035",zstuart@hotmail.com,1917-01-28
101,christopheratkins,Makayla Padilla,F,"1963 Chan Common
Port Brentchester, NY 92844",wgilbert@gmail.com,1930-02-27
102,danielmays,Aaron Contreras,M,"774 Blake Ranch Apt. 533
Williamfurt, NE 52158",annette09@yahoo.com,2019-08-03
103,mariadonaldson,William King,M,"486 Collins Alley Suite 846
West Ashleystad, MI 04805",brandoncallahan@gmail.com,1922-10-23
104,justintaylor,Catherine Turner,F,"408 Paul Views
Port Kristenberg, ME 53060",juan08@hotmail.com,1923-05-13
105,gonzalesjamie,Barbara Jackson,F,"378 Trevor View Apt. 880
Johnside, HI 93974",roblesrobert@gmail.com,1960-04-03
106,john56,Sean Erickson,M,"89879 Mark Plaza
Lake Scottland, IL 20692",megan73@yahoo.com,1928-11-01
107,stephensdavid,Alexa Fowler,F,"9834 Warren Village Apt. 419
Lake Michaelstad, TN 36095",ghogan@gmail.com,1956-03-28
108,sierrabrown,Melissa Wood,F,"7204 Morris Lakes
Jacobside, NE 84723",danielsbenjamin@gmail.com,1951-10-05
109,twalker,Debra Wells,F,"70008 Melton Stream Suite 418
West Donnamouth, MD 04318",petersonkathryn@hotmail.com,1990-06-12
110,adammoore,Jason Day,M,"PSC 6055, Box 2019
APO AP 18448",grace71@gmail.com,2003-02-16
111,thomasryan,Nathan Shelton,M,"PSC 1692, Box 3265
APO AA 51175",devin80@hotmail.com,2013-05-05
112,ricegregory,Martin Golden,M,"2708 Lorraine Ford Suite 907
South Darrenhaven, PA 19305",spatel@yahoo.com,1914-09-20
113,susanjohnson,Ryan Barnes,M,"2228 Charles View
West Donaldberg, TN 18530",jthompson@hotmail.com,1988-07-09
114,jacksonmario,Thomas Flores,M,"86736 Andrew Drive Apt. 551
Lanceport, GA 99382",jacob27@gmail.com,1929-08-19
115,misty78,Michael Evans,M,"94821 Daniels Oval Apt. 828
Lake Annette, GA 13308",amygarcia@yahoo.com,2021-09-09
116,lindacarter,Connie Hartman,F,"63929 Jessica Ferry
South Abigail, NY 83097",rachelwilliams@hotmail.com,1919-04-05
117,codymitchell,Bradley Tran,M,"1172 Mcguire Union
Williamfort, MO 89306",tcox@gmail.com,1964-09-30
118,gonzalezamy,Jennifer Morales,F,"279 Christian Locks
Lake Bryanport, TX 19338",kathy11@yahoo.com,1947-02-19
119,webbsylvia,Nancy White,F,"35448 William Pines
East Hannahview, NE 69958",devinmartin@hotmail.com,1965-08-31
120,beth38,Cheryl Parker,F,"855 Scott Roads Suite 887
Carlosport, CA 09561",dzavala@hotmail.com,1954-12-15
121,jeremyhernandez,Angela Dennis,F,"31519 Kelly Field
Port Jasonburgh, MS 23167",imullins@gmail.com,2011-04-19
122,sierra04,Christopher Jennings,M,"77324 Teresa Courts Suite 094
Lake Kennethmouth, TX 55310",ewalters@gmail.com,1977-03-08
123,graceyates,Lorraine Mcdowell,F,"2257 Kayla Ferry
Gardnerhaven, NJ 66643",tracey60@gmail.com,2015-06-20
124,stephen93,Bryan Lowe,M,"PSC 0650, Box 7122
APO AA 57366",kurtalexander@hotmail.com,1974-01-24
125,davidhanson,Kelli Mccoy,F,"470 Brittany Light Suite 074
East Jimberg, UT 31600",michealjackson@yahoo.com,1908-09-04
126,mollyharper,Richard Thompson,M,"PSC 6166, Box 2282
APO AA 40391",troyphillips@gmail.com,1975-08-12
127,melissasmith,David York,M,"229 York Plain Suite 946
West Seanview, TN 72032",derekcortez@hotmail.com,1920-10-10
128,lisablair,Andrew Jones,M,"59185 Dawn Pines
Lake Drewstad, MI 90167",robertsonandrew@yahoo.com,1994-06-12
129,mcarter,Kevin Garcia,M,"3556 Mark Ferry Suite 749
Pughtown, NM 78885",connerraymond@gmail.com,1926-09-02
130,johnsonbrittany,Sabrina Medina,F,"3714 Vasquez Avenue
North Sabrinaland, OR 58426",kevinjackson@gmail.com,1964-04-24
131,danielle27,Shannon Burnett,F,"0044 Robert Mount
South Raymondtown, WI 38868",deanna15@yahoo.com,1984-12-19
132,mollymartinez,Jeremy Berry,M,"PSC 0886, Box 8737
APO AP 76110",ashleybender@yahoo.com,2008-05-20
133,robertstark,Evelyn Hernandez,F,"33877 Crystal Hollow Suite 375
Port Stephanieburgh, AR 25196",bhenry@yahoo.com,2004-09-10
134,bonniethompson,Melissa Avila,F,"9808 Jones Route
Lake David, NJ 61227",odaniel@gmail.com,1945-09-12
135,evansrebecca,Jeffrey Keller,M,"0256 Cross Causeway Suite 884
East Richard, SC 99410",kellyangela@hotmail.com,1946-11-30
136,zburgess,Hannah Kelley,F,"7585 Jennifer Locks
Armstrongberg, TN 66476",matthewbright@gmail.com,1945-12-10
137,bridgesbrandon,Dr. Victoria Adams,F,"1341 Patrick Stravenue Apt. 069
Richardfurt, CT 43010",sara63@gmail.com,1941-12-28
138,michaelochoa,Hannah Hurst,F,"8393 Glover Mission Suite 830
North Chadberg, NV 65903",jimenezteresa@yahoo.com,1960-12-19
139,karenjohnson,Nathan Walker,M,"76649 Mendoza Loop Suite 675
South Sarah, LA 90535",angelavasquez@hotmail.com,1928-02-27
140,ernestdiaz,Ronald Hogan,M,"87960 Fitzgerald Plaza
Port Sandra, ID 09034",rodriguezjohn@gmail.com,1971-02-15
141,lori16,Dalton Johnson,M,"031 Ward Garden
Port Hollyside, MA 42923",watsonderek@gmail.com,2004-10-26
142,plambert,Tonya Carroll,F,"7151 Harris Course
South Brian, WY 51941",mjackson@hotmail.com,1996-09-30
143,xhardy,Chelsea Bennett,F,"338 Richard Estate Apt. 715
East Jessica, AZ 90292",mezadonald@gmail.com,1938-08-23
144,jeremydavis,Kimberly Thompson,F,"3848 Morgan Ridge
Tabithafurt, KY 89376",cynthia66@gmail.com,2019-06-26
145,suzannediaz,Susan Reid,F,"PSC 3352, Box 8596
APO AE 89910",lewispatrick@yahoo.com,1934-11-25
146,jaredramirez,Joshua Landry,M,"7871 Lisa Center
East Andrea, AR 61809",janicemueller@yahoo.com,1983-09-22
147,greggwilliams,Diana Pitts,F,"6407 Mark Flats Suite 275
Christinemouth, NV 62620",rosedavid@gmail.com,1928-05-27
148,kwells,Kathleen Wilson,F,"78454 Amy Cliff Suite 062
Harveymouth, AZ 16906",raymond04@hotmail.com,2021-01-16
149,monica26,Travis Matthews,M,"9827 Smith Vista
North Jodi, ID 25804",fritzcole@gmail.com,1948-10-23
150,lisa78,Kathy Santos,F,"04435 Hall Mountains
South Thomas, HI 95528",guyosborne@hotmail.com,1949-08-10
151,snguyen,Melinda Brooks,F,"38475 Raymond Corner
Williamsborough, IA 35113",lshannon@gmail.com,1982-01-04
152,kevin67,Kimberly Wallace,F,"861 Matthew Island Apt. 201
Nortonfort, KY 03075",jacksonangela@yahoo.com,1953-05-16
153,clifford33,Patricia Cruz,F,"663 Sims Motorway Apt. 330
Port Eric, WY 42279",anthonystevens@hotmail.com,1940-01-18
154,petersdarius,Richard Williams,M,"551 Smith Spring Suite 058
Perkinsland, IL 27411",mlandry@gmail.com,2002-02-12
155,ujones,Alyssa Young,F,"825 Mckenzie Dam
South Eric, CO 88115",hojasmine@hotmail.com,1935-04-01
156,fanderson,Michael Moore,M,"03525 Lucas Island Apt. 293
South Patrickville, KY 51877",jamie97@gmail.com,1969-08-22
157,fpeters,Brandon Wood,M,"USNS Ramos
FPO AP 27472",lesliekirby@gmail.com,1956-03-30
158,mathew94,Douglas Silva,M,"0617 Madison Spring Suite 055
Charleston, GA 10288",allison01@yahoo.com,1917-08-07
159,zbrady,Deanna Jones,F,"7829 Bowers Summit
Juliemouth, KY 79853",deborahmueller@yahoo.com,1991-10-21
160,tonyfreeman,Cindy Fisher,F,"1487 Robert Falls Apt. 674
Ricardoview, AR 20649",robertball@gmail.com,1918-12-18
161,brianfarley,Thomas Wilson,M,"83285 Toni Views Suite 784
New Keithhaven, KY 87687",leslie03@yahoo.com,1976-02-20
162,klee,Michael Sullivan,M,"63679 Clark Viaduct
Lake Rhondachester, WA 45316",russelljerry@yahoo.com,1983-05-28
163,jlambert,Karen Douglas,F,"78441 Doris Road
Benjaminton, NH 59174",michaelrodriguez@gmail.com,1942-02-21
164,joshua05,Lee Clark,M,"537 Lynn View Apt. 332
Lake Steve, UT 15741",dylan10@hotmail.com,1925-12-12
165,isaiahwoodward,Christopher Stokes,M,"8697 Shaffer Garden
Rebeccaview, MS 20744",washingtonronald@gmail.com,1926-09-19
166,lovekevin,Suzanne Alvarado,F,"430 William Path
Williamsview, NC 19378",hoffmanlisa@gmail.com,2021-10-13
167,theresa11,Sarah Mcbride,F,"13123 Mitchell Street
Longland, AR 13830",jeremythomas@hotmail.com,1943-06-28
168,robertbowman,Karen Morrow,F,"0308 Stephanie Prairie Apt. 502
Bryanmouth, MD 38433",megangilmore@yahoo.com,1937-06-21
169,danpeters,Jodi Jones,F,"02174 Kimberly Trail Apt. 189
Markbury, IN 28539",pharris@gmail.com,1940-03-21
170,gilbertjeremy,Gregory Mahoney,M,"1798 Nathan River Apt. 214
West Andrew, MT 64570",jphillips@hotmail.com,1940-05-31
171,pvillegas,Holly Bowman,F,"388 Mathis Highway
Ravenfort, MS 81832",bakeraaron@gmail.com,1943-12-21
172,shernandez,Richard Yates,M,"91424 Richardson Dale
South Rhondaview, LA 63696",vanessa49@yahoo.com,1907-05-28
173,smartinez,Jennifer Vega,F,"985 Lee Corner Suite 933
New Steven, HI 12410",charlesthomas@hotmail.com,1951-02-14
174,jamie50,Nicholas Rodriguez,M,"05605 Katherine Isle
Sheaton, NM 75984",mdavis@hotmail.com,1943-05-10
175,ztapia,Chelsea Hamilton,F,"14137 Murphy Pass
East Brittany, DE 35310",ray57@gmail.com,2016-08-24
176,omendoza,Bradley Quinn,M,"PSC 9722, Box 8617
APO AA 38901",alexanderjackson@hotmail.com,1934-05-07
177,amy99,Brandon Dickerson,M,"1873 Hodge View Apt. 534
Hancockborough, SD 27154",adamsandrew@gmail.com,2018-12-24
178,heather23,Mandy Long,F,"830 Scott Parkway Apt. 114
Barrhaven, IN 57992",kevin74@gmail.com,1990-01-17
179,wellsjames,Lauren Pham,F,"506 Parsons Course Apt. 606
Danielsmouth, NE 35334",utran@yahoo.com,1980-10-09
180,michaelmiller,Austin Wilson,M,"9024 Sarah Bridge Apt. 000
Port Robert, MD 16081",john27@gmail.com,1960-03-24
181,pwebb,Carla Bennett,F,"7018 Little Expressway
Lake Brentport, VT 43915",mackenzie58@hotmail.com,1907-05-16
182,xesparza,Matthew Jackson,M,"1834 Lopez Cliff Suite 294
West Gregory, UT 32819",pjackson@hotmail.com,2008-11-04
183,christy52,Thomas Haley,M,"1390 Vincent Trace Apt. 783
Port Jennifer, CA 48802",normanferguson@gmail.com,1912-05-11
184,melanie98,Joan Hamilton,F,"1091 Christopher Mission Apt. 620
Jessicaland, LA 43734",lauragarrett@hotmail.com,1977-04-16
185,michael50,Barbara Nelson,F,"4027 Mary River
Skinnerfurt, MN 65553",sarah10@gmail.com,1950-02-21
186,ftaylor,Lisa James,F,"9581 Ward Green Apt. 106
East Carlos, NJ 58944",mark79@yahoo.com,1981-10-19
187,khorton,Tracy Ford,M,"295 Brian Glens
Rodriguezland, VA 00671",lstokes@gmail.com,1959-03-28
188,bryancowan,Marcus Garcia,M,"9555 Rachel Cove
South Jesse, FL 58199",christophersmith@hotmail.com,1981-04-10
189,brittanyclark,Elijah Curtis,M,"PSC 4034, Box 8994
APO AE 86367",reyesjoseph@hotmail.com,1998-12-15
190,ryan95,Jeffrey Cantu,M,"4099 Horton Street
East Steven, KY 39031",cmccann@yahoo.com,1925-12-18
191,geraldshah,Jeffrey Brown,M,"PSC 9541, Box 1685
APO AE 84921",michael57@yahoo.com,1931-06-05
192,gabrielajones,Tonya Villegas,F,"313 Lisa Village
Port Ronnie, NC 45051",michellemontgomery@hotmail.com,1940-03-14
193,eparker,Alicia Miller,F,"USCGC Ward
FPO AE 35923",snyderashley@hotmail.com,1991-08-20
194,michael73,James Griffin,M,"804 Robert Mountains Apt. 740
Lauratown, NY 02986",ellisjustin@yahoo.com,1972-01-20
195,padillasierra,April Clark,F,"87877 Hernandez Cove
Spencerchester, NM 63674",alicia44@hotmail.com,1999-01-08
196,xanderson,Heather Sullivan,F,"USNV Smith
FPO AE 90755",kelly07@yahoo.com,1992-02-29
197,haleyfuentes,James Burns,M,"61829 Castillo Brook Apt. 057
Acostamouth, MI 01715",mcneilabigail@yahoo.com,1920-07-28
198,nicholasmeyers,Carrie Evans,F,"97548 Brooke Freeway
Rogersland, MS 46173",dwoods@yahoo.com,1924-08-14
199,apriloliver,Marcus Carrillo,M,"Unit 3279 Box 1589
DPO AE 63893",racheldixon@gmail.com,1974-09-05
200,williamsrichard,Carly White,F,"01289 Ethan Rapid
North April, MS 33647",chenregina@gmail.com,1927-04-20
201,wwilliams,Pamela Martinez,F,"379 Denise Dale Apt. 637
East Joshuaberg, SC 37744",snyderamy@gmail.com,1941-03-14
202,sarah72,Paul Jensen,M,"4954 Allison Curve Apt. 413
West Shawn, IA 75734",josepholiver@yahoo.com,1983-04-12
203,ericzavala,Hannah Sharp,F,"552 Smith Vista
Jillberg, OK 44573",gparker@yahoo.com,1962-10-01
204,smoore,Ian Gibson,M,"68844 Michelle Loaf
Allenport, WI 58923",javiershields@gmail.com,1995-05-21
205,shortdavid,Mary Richardson,F,"USNS Anderson
FPO AE 44440",melissabailey@yahoo.com,1971-08-03
206,amydavis,Jacob Martinez,M,"36023 Ashley Bypass
Anthonyfort, CT 25434",thomasalexander@hotmail.com,1974-05-20
207,sean21,Ebony Reed,F,"88000 Renee Station Suite 214
Rachelchester, SC 53109",dawnlopez@yahoo.com,1969-06-07
208,lhernandez,James Wilson,M,"5719 Rhonda Drive Suite 411
Danielborough, WI 73699",morrisshane@gmail.com,1914-02-23
209,hstevenson,Timothy Knight,M,"Unit 6849 Box 3951
DPO AE 62678",michaelhodges@gmail.com,2002-03-29
210,lewiscarrie,Andrew Gomez,M,"5623 Lori Landing
Lake Lindaburgh, NE 42461",nbowman@gmail.com,2019-05-03
211,john96,Andrew Cole,M,"23003 Taylor Falls Apt. 524
Port Elizabethport, NJ 83609",mhoward@yahoo.com,1994-10-06
212,kathleengardner,Noah Peterson,M,"178 Butler Street Suite 115
Fordshire, MD 69858",daniel38@yahoo.com,1968-11-10
213,jacob42,Stephanie Moran,F,"Unit 7398 Box 7322
DPO AE 84688",tracey54@yahoo.com,1906-06-20
214,woodjennifer,Donald Brown,M,"6085 Smith River Suite 769
Matthewhaven, NE 96852",aclark@gmail.com,1940-03-14
215,joshua50,Scott Johnson,M,"19689 Gregory Village
Ramirezfurt, RI 23987",smelendez@gmail.com,1930-02-11
216,roberta80,Austin Jackson,M,"545 Kevin View
Brandonville, WV 58863",porterwilliam@yahoo.com,1971-03-07
217,kevin76,Mrs. Kim Walker,F,"74607 Brianna Plaza
Port Dawn, IN 28119",hsalinas@hotmail.com,1966-09-14
218,tracy37,Richard Avila,M,"896 Jenna Spring
West Rachaelview, OH 19971",shelly60@yahoo.com,1986-12-30
219,patricia22,Larry Bryant,M,"795 Natalie Freeway
New Gregory, MD 24037",coreybrown@hotmail.com,1932-03-12
220,andrewbrown,Ashlee Lopez,F,"7102 Williams Mountains
Lake Cassandra, NC 37812",sarawagner@gmail.com,1991-08-10
221,forddeborah,Craig Green,M,"9704 Schneider Circles Suite 171
Whitakerside, WV 38831",doconnor@gmail.com,1987-10-07
222,amber66,Jodi Nelson,F,"07813 Adam Falls Apt. 909
Lake Thomasfurt, MT 53587",jacob32@hotmail.com,2017-07-31
223,morgan68,Jennifer Rivera,F,"31207 Kennedy Plaza Suite 494
Derekburgh, FL 41749",amy67@gmail.com,2021-02-28
224,gregory65,Tyler Gonzales,M,"USNS Ward
FPO AE 49311",danny16@yahoo.com,1927-03-28
225,maria72,Justin Williamson,M,"49812 Wallace Curve Suite 333
Henryfurt, HI 72450",wnewton@hotmail.com,1984-10-14
226,davidmiller,Jessica Weaver,F,"85605 Theresa Locks Apt. 885
Jennifertown, UT 53586",melaniejohnston@gmail.com,1996-06-02
227,joyceschroeder,Miss Natalie Fox MD,F,"963 Kyle Road
Schultzhaven, MI 80605",josephobrien@gmail.com,2001-11-29
228,smithjackson,Lisa Klein,F,"531 Collier Mills
New Alexander, OK 80633",mendezkristin@gmail.com,1956-09-06
229,kyle61,Carol Parker,F,"7855 Caldwell Shoal Suite 264
Lake Gregoryshire, AK 23350",veronica54@hotmail.com,1983-05-31
230,rodgersmaxwell,Kevin Edwards DVM,M,"6716 Webb Shore
Port Yolandamouth, RI 70823",robertdaniels@gmail.com,1919-02-14
231,david50,Mark Sanders,M,"992 Rachel Shore Apt. 022
Garciashire, CT 64160",michaellucas@yahoo.com,1977-03-29
232,paultownsend,Michael Smith,M,"725 Gonzalez Shoal
Sydneyside, TX 01364",michael81@yahoo.com,1959-11-21
233,mark59,Tracy Lowery,F,"66419 Ferguson Prairie
Thompsonport, MN 33480",bakerjohn@hotmail.com,2006-07-12
234,michelle29,Kristine Wallace,F,"378 Joshua Wells Suite 456
Bassborough, AL 44639",noblestephanie@hotmail.com,1933-01-05
235,jasonholmes,Joanne Dixon,F,"69771 Preston Fords Apt. 474
Gregoryport, HI 95336",crawfordcharles@yahoo.com,1959-10-28
236,dbrooks,Melissa Weeks,F,"4447 Angela Plaza Suite 590
East Michaelberg, TN 51045",anthonythomas@yahoo.com,1971-03-27
237,abenton,Zachary Brown,M,"1625 Brown Isle
Port Amyport, WV 27822",watsonjacqueline@gmail.com,1921-02-07
238,william46,Melissa Miles,F,"0609 Richard Green
North Christopher, NJ 00628",farnold@hotmail.com,1982-06-04
239,ushaffer,Jose Meyer,M,"904 Smith Street
Roseborough, SD 82399",jason37@gmail.com,1987-11-17
240,michael23,Sandra Bradford,F,"USS Rodriguez
FPO AP 22931",oneillkayla@gmail.com,1971-03-08
241,romerojacqueline,Leonard Reynolds,M,"6703 Garcia Land
Port Anthony, PA 12439",jenniferalvarez@hotmail.com,2013-02-13
242,marilyn24,Sandra Mckinney,F,"053 Samuel Ridge
Carrolltown, MD 22334",jamesknight@yahoo.com,1991-05-22
243,wwhite,Mary Garrison,F,"9994 Frances Expressway
Heidiside, FL 97851",emullins@gmail.com,2007-06-12
244,alexanderbush,Douglas Hernandez,M,"70096 Fischer Street
Port Jordan, UT 33279",jenniferowens@gmail.com,1950-04-20
245,davisjames,Stephanie Rice,F,"871 John Loaf Apt. 891
Robinsonborough, CA 25496",shannon50@gmail.com,1960-07-05
246,bryanjohnson,Laura Parks,F,"00252 Griffin Mill
New John, RI 94333",loricarter@gmail.com,1927-05-19
247,xsantos,Annette Craig,F,"9257 Jones Avenue
Millerton, LA 57119",kimberlypittman@yahoo.com,1936-04-26
248,palmerwalter,Timothy Flores,M,"USCGC Valdez
FPO AP 09495",hensontheodore@gmail.com,1906-11-18
249,deborah76,Casey Higgins,M,"1181 Benson Ports Suite 454
Lake Christie, NY 52436",lisafox@gmail.com,1909-10-11
250,dmoore,Jeremy Clark,M,"59538 Moreno Crossroad
Lake David, NJ 48948",daniel91@hotmail.com,1920-04-28
251,wongjames,Morgan Smith,F,"1846 Jennifer Passage Apt. 186
New Melissa, UT 12068",oortiz@yahoo.com,2010-10-04
252,joshua59,Michael Parker,M,"Unit 4358 Box 2354
DPO AA 92635",jennifergarza@hotmail.com,1924-07-07
253,bridget10,Arthur Osborne,M,"94316 Laura Springs
East Scott, DE 02445",vcruz@hotmail.com,1948-07-05
254,kristin70,Bryan Cole,M,"300 Allen Forks Suite 068
Fordview, NE 17818",johnsmith@yahoo.com,1918-02-12
255,barbarasmith,Linda Scott,F,"8175 Brandon Loop Suite 552
West Briantown, CO 59697",shannon42@gmail.com,1943-10-27
256,faithyoder,Megan Salazar,F,"954 Nicole Fields Suite 371
New Brandiport, FL 90009",mccoyjessica@gmail.com,1945-11-03
257,colecohen,Amy Smith,F,"041 Kara Inlet Apt. 929
Travisberg, MT 14301",mark63@gmail.com,1925-02-14
258,lhowell,Victoria Smith,F,"13924 Obrien Green
Kimberlyberg, NJ 29320",williamholland@gmail.com,1985-08-11
259,birdlori,Gregory Medina,M,"4290 Daniel Island
Sanchezfort, MA 91758",michaelramsey@gmail.com,2006-05-29
260,christian30,Maria Mcknight,F,"5792 Anderson Drive
South Jeremy, KS 18123",alexandria17@yahoo.com,1994-02-27
261,gedwards,Mark Jones,M,"0261 Myers Island Apt. 408
Port Edward, AZ 18453",ymartin@yahoo.com,1957-11-26
262,courtney92,Brandy Myers,F,"1161 Michael Plains
Port Kellieshire, GA 75381",andreamercer@yahoo.com,2013-06-26
263,pcruz,Jeffrey Rogers,M,"PSC 6017, Box 2805
APO AE 87062",johnsondesiree@gmail.com,1967-06-29
264,kayla62,Amanda Riley,F,"Unit 1522 Box 7586
DPO AA 76758",rachel48@gmail.com,1991-10-26
265,wellsian,Ashley Hickman,F,"045 Waters Freeway Apt. 428
Kellymouth, SD 33306",ngreen@hotmail.com,1913-01-25
266,anthonyrichard,Heather Anderson,F,"8012 Michelle Grove
Mossville, FL 85721",villanuevamichael@hotmail.com,1929-04-01
267,rebeccamcdonald,Dr. Heather Bishop,F,"USCGC Harris
FPO AP 81680",alanlester@yahoo.com,1951-06-28
268,fhernandez,Erik French,M,"029 Gabriel Keys Apt. 796
Hayestown, TX 41060",tgibson@gmail.com,1908-12-09
269,esutton,Curtis Ray,M,"26103 Ross Field Apt. 663
Lake Isaac, WA 51683",julie01@hotmail.com,1917-07-17
270,tracy08,Donna Gill,F,"9954 Lewis Glen
Veronicafort, CA 60512",jenniferlee@hotmail.com,1960-06-04
271,andrewhester,Scott Banks,M,"18031 Claire Shoals Suite 990
Riverachester, AL 39823",gillgina@gmail.com,1966-06-11
272,christineholmes,Guy Ayers,M,"1613 Steven Ford Apt. 248
Port Michael, VT 37322",huntamanda@gmail.com,1914-12-26
273,xbowers,Justin Zimmerman,M,"52331 Colleen Flat
Johnshire, TX 76478",lyonsdonna@hotmail.com,1952-01-14
274,warrenjohn,Amanda Johnson,F,"45597 Joshua Shore
South Dustinton, GA 61753",smithnicholas@gmail.com,2004-02-02
275,krystal85,Rhonda Dougherty,F,"21626 Ashley Mill
Barberport, CO 84431",andreaalvarez@yahoo.com,1928-07-03
276,sjohnson,John Montgomery,M,"32189 Jeffrey Pine
South Earlmouth, NY 00588",mayermichelle@gmail.com,1922-05-02
277,christopher48,April Alvarez,F,"68065 Arias Extensions Apt. 780
Torreston, AL 73264",shannonwilliams@gmail.com,1911-03-19
278,antonio91,Tanya Dawson,F,"62008 Santos Turnpike
East Marktown, OR 41413",lallen@hotmail.com,1930-07-05
279,jason32,John White,M,"39815 Luke Mission Suite 487
Copelandfort, NM 66557",gibbsmegan@hotmail.com,1939-06-01
280,murphywilliam,Stacy Long,F,"57871 Jason Lodge
Jacobtown, NJ 78106",karla22@hotmail.com,2021-11-04
281,ejohnson,Emily Hamilton,F,"26114 Williams Drive
Adamshire, FL 76398",bmanning@hotmail.com,1995-02-08
282,kellerconnie,Luis Andrade,M,"PSC 1718, Box 0395
APO AA 69942",joseph29@yahoo.com,2017-09-30
283,williamsheather,Scott Hurst,M,"77275 Ann Keys Suite 428
Joneston, GA 34815",jessica87@hotmail.com,1912-10-05
284,sandy79,Angela Gardner,F,"741 John Oval Suite 428
Bethanyfurt, CT 19577",huntermary@yahoo.com,1962-05-14
285,murphyalison,Tanya Fuentes,F,"265 Alejandro Estate Suite 835
East Raymond, LA 97360",xflowers@gmail.com,1997-11-04
286,robertsjacob,Steven Montoya,M,"8877 Eddie Lakes
Jeremiahfort, WI 73945",rhunt@yahoo.com,1990-03-14
287,xhuff,Kathy Hill,F,"3658 Douglas River Suite 061
Clarkborough, OK 25331",efuller@hotmail.com,1941-05-23
288,jsmith,William Lawrence,M,"0120 Bennett Lodge Suite 083
Kaiserstad, IA 06621",ashleymason@hotmail.com,1962-06-01
289,ssmith,William Franklin,M,"7034 Gregory Valley Suite 446
South Kennethport, DE 15890",wbrown@yahoo.com,1989-11-14
290,andrew67,Riley Wilson,M,"213 King Prairie
West Charlesview, HI 18289",jasonhicks@hotmail.com,1957-10-07
291,arodriguez,Patrick Kirby,M,"882 Burke Greens
Stephensbury, ME 13301",nfrench@hotmail.com,1907-01-05
292,petergilbert,Mark Burns,M,"2256 Olson Burgs Apt. 581
Lake Williammouth, FL 89465",rachelrasmussen@hotmail.com,1910-04-06
293,blevinsdonna,Thomas Evans,M,"197 Spencer Gardens
Port Matthewfurt, PA 91225",ashleyhull@yahoo.com,1928-01-20
294,morriselizabeth,Jacob Atkins,M,"81656 Keith Row Suite 138
Rodriguezfort, NJ 41588",sandrarose@gmail.com,1993-07-10
295,booneandrea,Mary Lee,F,"4403 Ricky Plaza Suite 115
Changberg, AL 32503",odurham@yahoo.com,1972-06-09
296,samantha90,Christian Mayer,M,"82538 Mark Mission Apt. 200
Blackwellhaven, NE 82753",sandragordon@gmail.com,1944-02-14
297,michaelthomas,Lisa Davidson,F,"850 Anthony Pines Suite 126
Bergerfurt, NJ 11356",bshepherd@yahoo.com,2009-10-01
298,harveynatalie,Mark Clayton,M,"9409 Banks Ridges Suite 816
Lisahaven, DE 57788",christopher52@gmail.com,1926-12-23
299,daviscrystal,Julia Collins,F,"77753 Dudley Valley
South Molly, MI 49326",donaldrubio@gmail.com,1943-11-25
